RiskId,Title,CapabilityId,Severity,Likelihood,Impact,Owner,Mitigation,TargetDate,Status
RISK-FIN-001,Configuration drift during legacy-to-canonical transition,CAP-FIN-001,Medium,Medium,Medium,Finance Engineering Lead,Dual-write with parity checks before read-switch; automated diff job per sprint,2026-08-15,Mitigated
RISK-FIN-002,Academic calendar seed data incomplete,CAP-FIN-001,Low,Low,Low,Finance Ops Lead,Pre-migration data audit; Ops validates seed data before v001 run,2026-08-05,Mitigated
RISK-FIN-003,Period lock enforcement gap during cutover window,CAP-FIN-001,High,Low,High,Finance Engineering Lead,Enforce lock checks on both legacy and canonical paths during dual-write window,2026-08-15,Open
RISK-FIN-004,Backfill misses edge-case invoices from historical bulk imports,CAP-FIN-002,High,Medium,High,Billing Engineering Lead,Full row-count and sum-check after backfill; manual review of flagged mismatches,2026-08-22,Mitigated
RISK-FIN-005,Historical reversal entries have inconsistent references,CAP-FIN-003,High,Medium,High,AR Engineering Lead,Audit reversal chain integrity before backfill; normalisation script for orphan references,2026-08-22,Open
RISK-FIN-006,Cross-tenant data leakage in reports,CAP-FIN-008,Critical,Low,Critical,Security Lead,Tenant-scoped integration tests on every report query; query review gate before production,2026-08-29,Open
RISK-FIN-007,MPESA callback duplicates create phantom payments during backfill,CAP-FIN-004,High,Medium,High,Payments Engineering Lead,Idempotency key deduplication before insert; post-backfill duplicate scan report,2026-08-22,Mitigated
RISK-FIN-008,Legacy transactions lack account code mappings for GL backfill,CAP-FIN-007,High,Medium,High,Finance Architecture Lead,Build account code mapping table; Finance team validates before v005 run; unmapped rows flagged for manual review,2026-08-22,Mitigated
RISK-FIN-009,Backfill cannot recover actor attribution older than 24 months,CAP-FIN-011,Medium,High,Medium,Compliance Lead,Mark pre-migration rows with source=legacy-import; compliance team accepts gap in writing,2026-08-08,Accepted
RISK-FIN-010,Trigger overhead on high-volume payment tables degrades throughput,CAP-FIN-011,High,Medium,High,Finance Engineering Lead,Load test audit triggers at production-scale; async outbox alternative if PERF target breached,2026-09-05,Open
RISK-FIN-011,False-positive SoD violations from legacy over-permissioned roles,CAP-FIN-012,Medium,High,Medium,Security Lead,Warn-only mode for two sprints; remediate roles before hard-fail enforcement,2026-09-05,Open
RISK-FIN-012,Step-up latency under load exceeds SLA before hard-fail enabled,CAP-FIN-012,High,Low,High,Security Lead,Load test at 2x peak; maintain warn mode until PERF-FIN-013 target confirmed,2026-09-05,Open
RISK-FIN-013,Hard-coded approval steps blocked by workflow DSL design gap,CAP-FIN-010,Medium,Medium,Medium,Finance Orchestration Product Lead,Review ADR-FIN-024 and finalise DSL before first workflow definition deployed,2026-09-12,Open
RISK-FIN-014,Escalation misconfiguration generates notification noise,CAP-FIN-010,Low,High,Medium,Finance Orchestration Product Lead,Conservative defaults; suppression window configurable per workflow,2026-09-12,Open
RISK-FIN-015,MPESA and email integrations break on adapter interface change,CAP-FIN-017,High,Medium,High,Integrations Platform Lead,Wrap existing integrations first; contract tests before any interface version bump,2026-09-19,Open
RISK-FIN-016,Credential rotation causes integration downtime,CAP-FIN-017,High,Low,High,Integrations Platform Lead,Blue-green rotation; canary verification before production,2026-09-19,Open
RISK-FIN-017,Unversioned event contracts break downstream consumers,CAP-FIN-018,High,Medium,High,Eventing Platform Lead,Schema registry enforced; breaking changes require new event type,2026-09-19,Open
RISK-FIN-018,Subscriber lag growth impacts near-real-time processes,CAP-FIN-018,Medium,Medium,Medium,Eventing Platform Lead,Lag alerting; auto-scale consumer on threshold,2026-09-19,Open
RISK-FIN-019,Poorly modelled workflow states cause hidden dead-ends,CAP-FIN-010,Medium,Low,High,Finance Orchestration Product Lead,State machine review with engineering before first production workflow definition,2026-09-12,Open
RISK-FIN-020,Escalation misconfiguration sends repeated approver alerts,CAP-FIN-010,Low,Medium,Low,Finance Orchestration Product Lead,Conservative default SLA; supervised onboarding before live workflows enabled,2026-09-12,Open
RISK-FIN-021,Channel settlement import mismatch blocks daily closure,CAP-FIN-005,High,Medium,High,Payments Integrations Product Lead,Automated exception case on mismatch; manual resolution SLA in ops runbook,2026-09-12,Open
RISK-FIN-022,Allocation engine non-determinism on concurrent reallocations,CAP-FIN-006,High,Low,High,AR Platform Lead,Row-level locking on allocation writes; preview-and-apply prevents concurrent conflicts,2026-09-12,Open
RISK-FIN-023,Report freshness SLA missed under high data volumes,CAP-FIN-008,Medium,Medium,Medium,Reporting Product Lead,Snapshot materialisation for standard reports; PERF-FIN-025 gate before production,2026-09-19,Open
RISK-FIN-024,Reminder campaign sends to opted-out recipients,CAP-FIN-009,High,Low,Critical,Communications Platform Lead,Suppression check mandatory in dispatch; compliance test before any campaign activation,2026-09-05,Open
RISK-FIN-025,Undocumented API consumers impacted by deprecations,CAP-FIN-013,Medium,High,Medium,API Platform Lead,Usage telemetry mandatory before deprecation; minimum 90-day sunset window,2026-10-03,Open
RISK-FIN-026,Schema governance gap causes silent API contract drift,CAP-FIN-013,High,Medium,High,API Platform Lead,Schema registry in CI; breaking-change detection gate on every PR,2026-10-03,Open
RISK-FIN-027,Relationship-mapping defects expose cross-student finance data,CAP-FIN-014,Critical,Low,Critical,Security Lead,Relationship-scoped integration tests with adversarial scenarios; security review gate before launch,2026-10-03,Open
RISK-FIN-028,Cached statement artifacts leak stale or over-broad scope data,CAP-FIN-014,High,Medium,High,Parent Experience Product Lead,Cache keyed by tenant+parent+student; TTL 5 min; invalidation on payment event,2026-10-03,Open
RISK-FIN-029,Data quality issues in source events degrade forecast reliability,CAP-FIN-015,Medium,High,Medium,Finance Analytics Lead,Data quality gates in event pipeline; model confidence band surfaced in UI,2026-10-10,Open
RISK-FIN-030,Model drift misleads collection interventions,CAP-FIN-015,Medium,Medium,Medium,Finance Analytics Lead,Model performance monitoring; auto-alert on accuracy drop below threshold,2026-10-10,Open
RISK-FIN-033,Clock skew across nodes produces duplicate scheduler dispatch,CAP-FIN-016,High,Low,High,Platform Automation Lead,DB-backed lease with expiry; idempotent job handlers; integration test for dual-fire,2026-09-26,Open
RISK-FIN-034,Unbounded retries starve critical queues,CAP-FIN-016,Medium,Medium,High,Platform Automation Lead,Max retry cap per job class; dead-letter after threshold; alert on growth,2026-09-26,Open
RISK-FIN-035,Partner API changes without notice break payload mappings,CAP-FIN-017,High,High,High,Integrations Platform Lead,Contract tests for every partner adapter; health alerts within 60s of degradation,2026-09-19,Open
RISK-FIN-036,Credential rotation failure causes prolonged delivery outage,CAP-FIN-017,High,Low,High,Integrations Platform Lead,Automated rotation with canary verification; fallback to previous credential on failure,2026-09-19,Open
RISK-FIN-037,Event schema change breaks downstream consumers post-deployment,CAP-FIN-018,High,Medium,High,Eventing Platform Lead,Schema registry enforced; consumers tested against new version before producer cutover,2026-09-19,Open
RISK-FIN-038,Priority consumer lag impacts real-time reporting,CAP-FIN-018,Medium,Medium,Medium,Eventing Platform Lead,Lag alerting on EVT-FIN-038; priority topic consumer auto-scaling,2026-09-19,Open
RISK-FIN-039,Allocation backfill ordering sensitive to payment date sequencing,CAP-FIN-003,Medium,Medium,Medium,AR Engineering Lead,Sort backfill ETL by received_at ascending; validate sequence with test fixture,2026-08-22,Open
