"RiskId","CapabilityId","Title","Severity","Likelihood","Impact","PriorityScore","Owner","TargetDate","Mitigation"
"RISK-FIN-006","CAP-FIN-008","Cross-tenant data leakage in reports","Critical","Low","Critical","9","Security Lead","2026-08-29","Tenant-scoped integration tests on every report query; query review gate before production"
"RISK-FIN-035","CAP-FIN-017","Partner API changes without notice break payload mappings","High","High","High","9","Integrations Platform Lead","2026-09-19","Contract tests for every partner adapter; health alerts within 60s of degradation"
"RISK-FIN-027","CAP-FIN-014","Relationship-mapping defects expose cross-student finance data","Critical","Low","Critical","9","Security Lead","2026-10-03","Relationship-scoped integration tests with adversarial scenarios; security review gate before launch"
"RISK-FIN-005","CAP-FIN-003","Historical reversal entries have inconsistent references","High","Medium","High","8","AR Engineering Lead","2026-08-22","Audit reversal chain integrity before backfill; normalisation script for orphan references"
"RISK-FIN-010","CAP-FIN-011","Trigger overhead on high-volume payment tables degrades throughput","High","Medium","High","8","Finance Engineering Lead","2026-09-05","Load test audit triggers at production-scale; async outbox alternative if PERF target breached"
"RISK-FIN-024","CAP-FIN-009","Reminder campaign sends to opted-out recipients","High","Low","Critical","8","Communications Platform Lead","2026-09-05","Suppression check mandatory in dispatch; compliance test before any campaign activation"
"RISK-FIN-021","CAP-FIN-005","Channel settlement import mismatch blocks daily closure","High","Medium","High","8","Payments Integrations Product Lead","2026-09-12","Automated exception case on mismatch; manual resolution SLA in ops runbook"
"RISK-FIN-015","CAP-FIN-017","MPESA and email integrations break on adapter interface change","High","Medium","High","8","Integrations Platform Lead","2026-09-19","Wrap existing integrations first; contract tests before any interface version bump"
"RISK-FIN-017","CAP-FIN-018","Unversioned event contracts break downstream consumers","High","Medium","High","8","Eventing Platform Lead","2026-09-19","Schema registry enforced; breaking changes require new event type"
"RISK-FIN-037","CAP-FIN-018","Event schema change breaks downstream consumers post-deployment","High","Medium","High","8","Eventing Platform Lead","2026-09-19","Schema registry enforced; consumers tested against new version before producer cutover"
