"CapabilityId","CapabilityName","MaturityLevel","Status","Notes"
"CAP-FIN-001","Financial Setup","2","Database-Ready","Migration plan MIG-FIN-001 created 2026-07-22; DB schema work in progress; next gate: Backend Implemented"
"CAP-FIN-002","Billing Engine","2","Database-Ready","Migration plan MIG-FIN-002 created 2026-07-22; DB schema work in progress; next gate: Backend Implemented"
"CAP-FIN-003","Accounts Receivable","2","Database-Ready","Migration plan MIG-FIN-003 created 2026-07-22; DB schema work in progress; next gate: Backend Implemented"
"CAP-FIN-004","Payment Operations","2","Database-Ready","Migration plan MIG-FIN-004 created 2026-07-22; DB schema work in progress; next gate: Backend Implemented"
"CAP-FIN-005","Payment Channel Services","1","Spec-Complete","Full spec, rules, ACs, ADRs and Approved traceability in place; next gate: Database-Ready"
"CAP-FIN-006","Allocation Engine","1","Spec-Complete","Full spec, rules, ACs, ADRs and Approved traceability in place; next gate: Database-Ready"
"CAP-FIN-007","General Ledger","2","Database-Ready","Migration plan MIG-FIN-005 created 2026-07-22; DB schema work in progress; next gate: Backend Implemented"
"CAP-FIN-008","Reporting","1","Spec-Complete","Full spec, rules, ACs, ADRs and Approved traceability in place; next gate: Database-Ready"
"CAP-FIN-009","Notifications","1","Spec-Complete","Full spec, rules, ACs, ADRs and Approved traceability in place; next gate: Database-Ready"
"CAP-FIN-010","Workflow Engine","1","Spec-Complete","Full spec, rules, ACs, ADRs and Approved traceability in place; next gate: Database-Ready"
"CAP-FIN-011","Audit and Compliance","2","Database-Ready","Migration plan MIG-FIN-006 created 2026-07-22; DB schema work in progress; next gate: Backend Implemented"
"CAP-FIN-012","Security Controls","2","Database-Ready","Migration plan MIG-FIN-007 created 2026-07-22; DB schema work in progress; next gate: Backend Implemented"
"CAP-FIN-013","API Platform","1","Spec-Complete","Full spec generated; Approved traceability in place; next gate: Database-Ready"
"CAP-FIN-014","Parent Self-Service","1","Spec-Complete","Full spec generated; Approved traceability in place; next gate: Database-Ready"
"CAP-FIN-015","Analytics","1","Spec-Complete","Full spec generated; Approved traceability in place; next gate: Database-Ready"
"CAP-FIN-016","Automation Scheduler","1","Spec-Complete","Full spec, rules, ACs, ADRs and Approved traceability in place; next gate: Database-Ready"
"CAP-FIN-017","Integration Hub","1","Spec-Complete","Full spec, rules, ACs, ADRs and Approved traceability in place; next gate: Database-Ready"
"CAP-FIN-018","Event Bus","1","Spec-Complete","Full spec, rules, ACs, ADRs and Approved traceability in place; next gate: Database-Ready"
