"CapabilityId","CapabilityName","MaturityLevel","TraceabilityCoveragePct","TestCoveragePct","SecurityControlCompletionPct","CriticalRisksOpen","Recommendation","LastReviewed"
"CAP-FIN-001","Financial Setup","2","100","60","100","1","Go-Conditional","2026-07-24"
"CAP-FIN-002","Billing Engine","2","100","60","0","0","Go","2026-07-24"
"CAP-FIN-003","Accounts Receivable","2","100","60","0","2","Proceed-With-Caution","2026-07-24"
"CAP-FIN-004","Payment Operations","2","100","60","50","0","Go","2026-07-24"
"CAP-FIN-005","Payment Channel Services","1","100","20","67","1","Proceed-With-Caution","2026-07-24"
"CAP-FIN-006","Allocation Engine","1","100","20","33","1","Proceed-With-Caution","2026-07-24"
"CAP-FIN-007","General Ledger","2","100","60","50","0","Go","2026-07-24"
"CAP-FIN-008","Reporting","1","100","20","67","2","Not-Ready","2026-07-24"
"CAP-FIN-009","Notifications","1","100","20","67","1","Proceed-With-Caution","2026-07-24"
"CAP-FIN-010","Workflow Engine","1","100","20","50","4","Not-Ready","2026-07-24"
"CAP-FIN-011","Audit and Compliance","2","100","60","100","1","Go-Conditional","2026-07-24"
"CAP-FIN-012","Security Controls","2","100","60","100","2","Proceed-With-Caution","2026-07-24"
"CAP-FIN-013","API Platform","1","100","20","33","2","Not-Ready","2026-07-24"
"CAP-FIN-014","Parent Self-Service","1","100","20","67","2","Not-Ready","2026-07-24"
"CAP-FIN-015","Analytics","1","100","20","0","2","Not-Ready","2026-07-24"
"CAP-FIN-016","Automation Scheduler","1","100","20","50","2","Not-Ready","2026-07-24"
"CAP-FIN-017","Integration Hub","1","100","20","50","4","Not-Ready","2026-07-24"
"CAP-FIN-018","Event Bus","1","100","20","50","4","Not-Ready","2026-07-24"
