"ReleaseId","TraceId","CapabilityId","RequirementId","Priority","PlannedWave","ScopeSummary","Status"
"REL-FIN-001","TRACE-FIN-001","CAP-FIN-001","BR-FIN-006","P0","Wave-1","BusinessRule BR-FIN-006 for CAP-FIN-001","Approved"
"REL-FIN-002","TRACE-FIN-002","CAP-FIN-002","BR-FIN-007","P0","Wave-1","BusinessRule BR-FIN-007 for CAP-FIN-002","Approved"
"REL-FIN-003","TRACE-FIN-003","CAP-FIN-003","BR-FIN-005","P0","Wave-1","BusinessRule BR-FIN-005 for CAP-FIN-003","Approved"
"REL-FIN-004","TRACE-FIN-004","CAP-FIN-003","BR-FIN-003","P0","Wave-1","BusinessRule BR-FIN-003 for CAP-FIN-003","Approved"
"REL-FIN-005","TRACE-FIN-005","CAP-FIN-004","BR-FIN-013","P0","Wave-1","BusinessRule BR-FIN-013 for CAP-FIN-004","Approved"
"REL-FIN-006","TRACE-FIN-006","CAP-FIN-004","BR-FIN-014","P0","Wave-1","BusinessRule BR-FIN-014 for CAP-FIN-004","Approved"
"REL-FIN-007","TRACE-FIN-007","CAP-FIN-007","BR-FIN-016","P0","Wave-1","BusinessRule BR-FIN-016 for CAP-FIN-007","Approved"
"REL-FIN-008","TRACE-FIN-008","CAP-FIN-007","BR-FIN-017","P0","Wave-1","BusinessRule BR-FIN-017 for CAP-FIN-007","Approved"
"REL-FIN-009","TRACE-FIN-009","CAP-FIN-011","BR-FIN-019","P0","Wave-1","BusinessRule BR-FIN-019 for CAP-FIN-011","Approved"
"REL-FIN-010","TRACE-FIN-010","CAP-FIN-012","BR-FIN-022","P0","Wave-1","BusinessRule BR-FIN-022 for CAP-FIN-012","Approved"
"REL-FIN-011","TRACE-FIN-011","CAP-FIN-010","BR-FIN-024","P1","Wave-2","BusinessRule BR-FIN-024 for CAP-FIN-010","Proposed"
"REL-FIN-012","TRACE-FIN-012","CAP-FIN-010","BR-FIN-025","P1","Wave-2","BusinessRule BR-FIN-025 for CAP-FIN-010","Proposed"
"REL-FIN-013","TRACE-FIN-013","CAP-FIN-017","BR-FIN-027","P1","Wave-2","BusinessRule BR-FIN-027 for CAP-FIN-017","Proposed"
"REL-FIN-014","TRACE-FIN-014","CAP-FIN-017","BR-FIN-029","P1","Wave-2","BusinessRule BR-FIN-029 for CAP-FIN-017","Proposed"
"REL-FIN-015","TRACE-FIN-015","CAP-FIN-018","BR-FIN-030","P1","Wave-2","BusinessRule BR-FIN-030 for CAP-FIN-018","Proposed"
"REL-FIN-016","TRACE-FIN-016","CAP-FIN-018","BR-FIN-031","P1","Wave-2","BusinessRule BR-FIN-031 for CAP-FIN-018","Proposed"
"REL-FIN-017","TRACE-FIN-017","CAP-FIN-016","BR-FIN-033","P1","Wave-2","BusinessRule BR-FIN-033 for CAP-FIN-016","Proposed"
"REL-FIN-018","TRACE-FIN-018","CAP-FIN-016","BR-FIN-034","P1","Wave-2","BusinessRule BR-FIN-034 for CAP-FIN-016","Proposed"
"REL-FIN-019","TRACE-FIN-019","CAP-FIN-005","BR-FIN-036","P1","Wave-2","BusinessRule BR-FIN-036 for CAP-FIN-005","Proposed"
"REL-FIN-020","TRACE-FIN-020","CAP-FIN-006","BR-FIN-038","P1","Wave-2","BusinessRule BR-FIN-038 for CAP-FIN-006","Proposed"
"REL-FIN-021","TRACE-FIN-021","CAP-FIN-008","BR-FIN-041","P1","Wave-2","BusinessRule BR-FIN-041 for CAP-FIN-008","Proposed"
"REL-FIN-022","TRACE-FIN-022","CAP-FIN-009","BR-FIN-044","P1","Wave-2","BusinessRule BR-FIN-044 for CAP-FIN-009","Proposed"
"REL-FIN-023","TRACE-FIN-023","CAP-FIN-013","BR-FIN-045","P2","Wave-3","BusinessRule BR-FIN-045 for CAP-FIN-013","Draft"
"REL-FIN-024","TRACE-FIN-024","CAP-FIN-014","BR-FIN-047","P2","Wave-3","BusinessRule BR-FIN-047 for CAP-FIN-014","Draft"
"REL-FIN-025","TRACE-FIN-025","CAP-FIN-015","BR-FIN-050","P2","Wave-3","BusinessRule BR-FIN-050 for CAP-FIN-015","Draft"
"REL-FIN-026","TRACE-FIN-026","CAP-FIN-010","AC-FIN-070","P1","Wave-2","AcceptanceCriteria AC-FIN-070 for CAP-FIN-010","Proposed"
"REL-FIN-027","TRACE-FIN-027","CAP-FIN-010","AC-FIN-071","P1","Wave-2","AcceptanceCriteria AC-FIN-071 for CAP-FIN-010","Proposed"
"REL-FIN-028","TRACE-FIN-028","CAP-FIN-017","AC-FIN-080","P1","Wave-2","AcceptanceCriteria AC-FIN-080 for CAP-FIN-017","Proposed"
"REL-FIN-029","TRACE-FIN-029","CAP-FIN-017","AC-FIN-081","P1","Wave-2","AcceptanceCriteria AC-FIN-081 for CAP-FIN-017","Proposed"
"REL-FIN-030","TRACE-FIN-030","CAP-FIN-018","AC-FIN-090","P1","Wave-2","AcceptanceCriteria AC-FIN-090 for CAP-FIN-018","Proposed"
"REL-FIN-031","TRACE-FIN-031","CAP-FIN-018","AC-FIN-091","P1","Wave-2","AcceptanceCriteria AC-FIN-091 for CAP-FIN-018","Proposed"
"REL-FIN-032","TRACE-FIN-032","CAP-FIN-016","AC-FIN-100","P1","Wave-2","AcceptanceCriteria AC-FIN-100 for CAP-FIN-016","Proposed"
"REL-FIN-033","TRACE-FIN-033","CAP-FIN-016","AC-FIN-101","P1","Wave-2","AcceptanceCriteria AC-FIN-101 for CAP-FIN-016","Proposed"
"REL-FIN-034","TRACE-FIN-034","CAP-FIN-005","AC-FIN-110","P1","Wave-2","AcceptanceCriteria AC-FIN-110 for CAP-FIN-005","Proposed"
"REL-FIN-035","TRACE-FIN-035","CAP-FIN-005","AC-FIN-111","P1","Wave-2","AcceptanceCriteria AC-FIN-111 for CAP-FIN-005","Proposed"
"REL-FIN-036","TRACE-FIN-036","CAP-FIN-006","AC-FIN-120","P1","Wave-2","AcceptanceCriteria AC-FIN-120 for CAP-FIN-006","Proposed"
"REL-FIN-037","TRACE-FIN-037","CAP-FIN-006","AC-FIN-121","P1","Wave-2","AcceptanceCriteria AC-FIN-121 for CAP-FIN-006","Proposed"
"REL-FIN-038","TRACE-FIN-038","CAP-FIN-008","AC-FIN-130","P1","Wave-2","AcceptanceCriteria AC-FIN-130 for CAP-FIN-008","Proposed"
"REL-FIN-039","TRACE-FIN-039","CAP-FIN-008","AC-FIN-131","P1","Wave-2","AcceptanceCriteria AC-FIN-131 for CAP-FIN-008","Proposed"
"REL-FIN-040","TRACE-FIN-040","CAP-FIN-009","AC-FIN-140","P1","Wave-2","AcceptanceCriteria AC-FIN-140 for CAP-FIN-009","Proposed"
"REL-FIN-041","TRACE-FIN-041","CAP-FIN-009","AC-FIN-141","P1","Wave-2","AcceptanceCriteria AC-FIN-141 for CAP-FIN-009","Proposed"
"REL-FIN-042","TRACE-FIN-042","CAP-FIN-013","AC-FIN-150","P2","Wave-3","AcceptanceCriteria AC-FIN-150 for CAP-FIN-013","Draft"
"REL-FIN-043","TRACE-FIN-043","CAP-FIN-013","AC-FIN-151","P2","Wave-3","AcceptanceCriteria AC-FIN-151 for CAP-FIN-013","Draft"
"REL-FIN-044","TRACE-FIN-044","CAP-FIN-014","AC-FIN-160","P2","Wave-3","AcceptanceCriteria AC-FIN-160 for CAP-FIN-014","Draft"
"REL-FIN-045","TRACE-FIN-045","CAP-FIN-014","AC-FIN-161","P2","Wave-3","AcceptanceCriteria AC-FIN-161 for CAP-FIN-014","Draft"
"REL-FIN-046","TRACE-FIN-046","CAP-FIN-015","AC-FIN-170","P2","Wave-3","AcceptanceCriteria AC-FIN-170 for CAP-FIN-015","Draft"
"REL-FIN-047","TRACE-FIN-047","CAP-FIN-015","AC-FIN-171","P2","Wave-3","AcceptanceCriteria AC-FIN-171 for CAP-FIN-015","Draft"
