"TraceId","RequirementId","RequirementType","CapabilityId","BusinessOwner","Priority","RiskIds","AdrIds","DesignArtifact","DataModelArtifact","ApiArtifact","UiArtifact","WorkflowArtifact","RuleArtifact","SecurityArtifact","PerformanceArtifact","TestArtifact","ReleaseArtifact","Status","Signoff"
"TRACE-FIN-001","BR-FIN-006","BusinessRule","CAP-FIN-001","Finance Product Owner","P0","RISK-FIN-001","ADR-FIN-001","02_Functional_Specification/Capabilities/CAP-FIN-001-Financial-Setup.md","04_Data_Model/DATA_OBJECT_TEMPLATE.md","05_API_Specification/API_CONTRACT_TEMPLATE.md","03_UI_UX/UI_SCREEN_SPEC_TEMPLATE.md","06_Workflows/WORKFLOW_SPEC_TEMPLATE.md","07_Business_Rules/BUSINESS_RULE_INDEX_V1_TO_V4.md","SEC-FIN-002","","11_Test_Cases/TEST-FIN-001","15_Release_Notes/RELEASE_ITEMS.csv:REL-FIN-001","Approved","Product:Finance-Product-Owner;Engineering:Finance-Arch-Lead;QA:QA-Lead;Compliance:Compliance-Lead;Date:2026-07-22"
"TRACE-FIN-002","BR-FIN-007","BusinessRule","CAP-FIN-002","Billing Product Lead","P0","RISK-FIN-004","ADR-FIN-003","02_Functional_Specification/Capabilities/CAP-FIN-002-Billing-Engine.md","04_Data_Model/DATA_OBJECT_TEMPLATE.md","05_API_Specification/API_CONTRACT_TEMPLATE.md","03_UI_UX/UI_SCREEN_SPEC_TEMPLATE.md","06_Workflows/WORKFLOW_SPEC_TEMPLATE.md","07_Business_Rules/BUSINESS_RULE_INDEX_V1_TO_V4.md","","","11_Test_Cases/TEST-FIN-011","15_Release_Notes/RELEASE_ITEMS.csv:REL-FIN-002","Approved","Product:Finance-Product-Owner;Engineering:Finance-Arch-Lead;QA:QA-Lead;Compliance:Compliance-Lead;Date:2026-07-22"
"TRACE-FIN-003","BR-FIN-005","BusinessRule","CAP-FIN-003","AR Product Lead","P0","RISK-FIN-005","ADR-FIN-005","02_Functional_Specification/Capabilities/CAP-FIN-003-Accounts-Receivable.md","04_Data_Model/DATA_OBJECT_TEMPLATE.md","05_API_Specification/API_CONTRACT_TEMPLATE.md","03_UI_UX/UI_SCREEN_SPEC_TEMPLATE.md","06_Workflows/WORKFLOW_SPEC_TEMPLATE.md","07_Business_Rules/BUSINESS_RULE_INDEX_V1_TO_V4.md","","","11_Test_Cases/TEST-FIN-020","15_Release_Notes/RELEASE_ITEMS.csv:REL-FIN-003","Approved","Product:Finance-Product-Owner;Engineering:Finance-Arch-Lead;QA:QA-Lead;Compliance:Compliance-Lead;Date:2026-07-22"
"TRACE-FIN-004","BR-FIN-003","BusinessRule","CAP-FIN-003","AR Product Lead","P0","RISK-FIN-005","ADR-FIN-005","02_Functional_Specification/Capabilities/CAP-FIN-003-Accounts-Receivable.md","04_Data_Model/DATA_OBJECT_TEMPLATE.md","05_API_Specification/API_CONTRACT_TEMPLATE.md","03_UI_UX/UI_SCREEN_SPEC_TEMPLATE.md","06_Workflows/WORKFLOW_SPEC_TEMPLATE.md","07_Business_Rules/BUSINESS_RULE_INDEX_V1_TO_V4.md","","","11_Test_Cases/TEST-FIN-022","15_Release_Notes/RELEASE_ITEMS.csv:REL-FIN-004","Approved","Product:Finance-Product-Owner;Engineering:Finance-Arch-Lead;QA:QA-Lead;Compliance:Compliance-Lead;Date:2026-07-22"
"TRACE-FIN-005","BR-FIN-013","BusinessRule","CAP-FIN-004","Payments Product Lead","P0","RISK-FIN-007","ADR-FIN-007","02_Functional_Specification/Capabilities/CAP-FIN-004-Payment-Operations.md","04_Data_Model/DATA_OBJECT_TEMPLATE.md","05_API_Specification/API_CONTRACT_TEMPLATE.md","03_UI_UX/UI_SCREEN_SPEC_TEMPLATE.md","06_Workflows/WORKFLOW_SPEC_TEMPLATE.md","07_Business_Rules/BUSINESS_RULE_INDEX_V1_TO_V4.md","SEC-FIN-008","","11_Test_Cases/TEST-FIN-030","15_Release_Notes/RELEASE_ITEMS.csv:REL-FIN-005","Approved","Product:Finance-Product-Owner;Engineering:Finance-Arch-Lead;QA:QA-Lead;Compliance:Compliance-Lead;Date:2026-07-22"
"TRACE-FIN-006","BR-FIN-014","BusinessRule","CAP-FIN-004","Payments Product Lead","P0","RISK-FIN-007","ADR-FIN-007","02_Functional_Specification/Capabilities/CAP-FIN-004-Payment-Operations.md","04_Data_Model/DATA_OBJECT_TEMPLATE.md","05_API_Specification/API_CONTRACT_TEMPLATE.md","03_UI_UX/UI_SCREEN_SPEC_TEMPLATE.md","06_Workflows/WORKFLOW_SPEC_TEMPLATE.md","07_Business_Rules/BUSINESS_RULE_INDEX_V1_TO_V4.md","","","11_Test_Cases/TEST-FIN-032","15_Release_Notes/RELEASE_ITEMS.csv:REL-FIN-006","Approved","Product:Finance-Product-Owner;Engineering:Finance-Arch-Lead;QA:QA-Lead;Compliance:Compliance-Lead;Date:2026-07-22"
"TRACE-FIN-007","BR-FIN-016","BusinessRule","CAP-FIN-007","Finance Architecture Lead","P0","RISK-FIN-008","ADR-FIN-009","02_Functional_Specification/Capabilities/CAP-FIN-007-General-Ledger.md","04_Data_Model/DATA_OBJECT_TEMPLATE.md","05_API_Specification/API_CONTRACT_TEMPLATE.md","03_UI_UX/UI_SCREEN_SPEC_TEMPLATE.md","06_Workflows/WORKFLOW_SPEC_TEMPLATE.md","07_Business_Rules/BUSINESS_RULE_INDEX_V1_TO_V4.md","SEC-FIN-011","","11_Test_Cases/TEST-FIN-040","15_Release_Notes/RELEASE_ITEMS.csv:REL-FIN-007","Approved","Product:Finance-Product-Owner;Engineering:Finance-Arch-Lead;QA:QA-Lead;Compliance:Compliance-Lead;Date:2026-07-22"
"TRACE-FIN-008","BR-FIN-017","BusinessRule","CAP-FIN-007","Finance Architecture Lead","P0","RISK-FIN-008","ADR-FIN-009","02_Functional_Specification/Capabilities/CAP-FIN-007-General-Ledger.md","04_Data_Model/DATA_OBJECT_TEMPLATE.md","05_API_Specification/API_CONTRACT_TEMPLATE.md","03_UI_UX/UI_SCREEN_SPEC_TEMPLATE.md","06_Workflows/WORKFLOW_SPEC_TEMPLATE.md","07_Business_Rules/BUSINESS_RULE_INDEX_V1_TO_V4.md","","","11_Test_Cases/TEST-FIN-042","15_Release_Notes/RELEASE_ITEMS.csv:REL-FIN-008","Approved","Product:Finance-Product-Owner;Engineering:Finance-Arch-Lead;QA:QA-Lead;Compliance:Compliance-Lead;Date:2026-07-22"
"TRACE-FIN-009","BR-FIN-019","BusinessRule","CAP-FIN-011","Compliance Lead","P0","RISK-FIN-009","ADR-FIN-011","02_Functional_Specification/Capabilities/CAP-FIN-011-Audit-and-Compliance.md","04_Data_Model/DATA_OBJECT_TEMPLATE.md","05_API_Specification/API_CONTRACT_TEMPLATE.md","03_UI_UX/UI_SCREEN_SPEC_TEMPLATE.md","06_Workflows/WORKFLOW_SPEC_TEMPLATE.md","07_Business_Rules/BUSINESS_RULE_INDEX_V1_TO_V4.md","SEC-FIN-012","","11_Test_Cases/TEST-FIN-050","15_Release_Notes/RELEASE_ITEMS.csv:REL-FIN-009","Approved","Product:Finance-Product-Owner;Engineering:Finance-Arch-Lead;QA:QA-Lead;Compliance:Compliance-Lead;Date:2026-07-22"
"TRACE-FIN-010","BR-FIN-022","BusinessRule","CAP-FIN-012","Security Lead","P0","RISK-FIN-011","ADR-FIN-013","02_Functional_Specification/Capabilities/CAP-FIN-012-Security-Controls.md","04_Data_Model/DATA_OBJECT_TEMPLATE.md","05_API_Specification/API_CONTRACT_TEMPLATE.md","03_UI_UX/UI_SCREEN_SPEC_TEMPLATE.md","06_Workflows/WORKFLOW_SPEC_TEMPLATE.md","07_Business_Rules/BUSINESS_RULE_INDEX_V1_TO_V4.md","SEC-FIN-013","","11_Test_Cases/TEST-FIN-061","15_Release_Notes/RELEASE_ITEMS.csv:REL-FIN-010","Approved","Product:Finance-Product-Owner;Engineering:Finance-Arch-Lead;QA:QA-Lead;Compliance:Compliance-Lead;Date:2026-07-22"
"TRACE-FIN-011","BR-FIN-024","BusinessRule","CAP-FIN-010","Finance Orchestration Product Lead","P1","RISK-FIN-019","ADR-FIN-024","02_Functional_Specification/Capabilities/CAP-FIN-010-Workflow-Engine.md","04_Data_Model/DATA_OBJECT_TEMPLATE.md","05_API_Specification/API_CONTRACT_TEMPLATE.md","03_UI_UX/UI_SCREEN_SPEC_TEMPLATE.md","06_Workflows/WORKFLOW_SPEC_TEMPLATE.md","07_Business_Rules/BUSINESS_RULE_INDEX_V1_TO_V4.md","SEC-FIN-014","","11_Test_Cases/TEST-FIN-070","15_Release_Notes/RELEASE_ITEMS.csv:REL-FIN-011","Approved","Product:Wave2-Product-Lead;Engineering:Wave2-Tech-Lead;QA:Wave2-QA-Lead;Compliance:Wave2-Compliance-Lead;Date:2026-07-24"
"TRACE-FIN-012","BR-FIN-025","BusinessRule","CAP-FIN-010","Finance Orchestration Product Lead","P1","RISK-FIN-019","ADR-FIN-024","02_Functional_Specification/Capabilities/CAP-FIN-010-Workflow-Engine.md","04_Data_Model/DATA_OBJECT_TEMPLATE.md","05_API_Specification/API_CONTRACT_TEMPLATE.md","03_UI_UX/UI_SCREEN_SPEC_TEMPLATE.md","06_Workflows/WORKFLOW_SPEC_TEMPLATE.md","07_Business_Rules/BUSINESS_RULE_INDEX_V1_TO_V4.md","","","11_Test_Cases/TEST-FIN-070","15_Release_Notes/RELEASE_ITEMS.csv:REL-FIN-012","Approved","Product:Wave2-Product-Lead;Engineering:Wave2-Tech-Lead;QA:Wave2-QA-Lead;Compliance:Wave2-Compliance-Lead;Date:2026-07-24"
"TRACE-FIN-013","BR-FIN-027","BusinessRule","CAP-FIN-017","Integrations Platform Lead","P1","RISK-FIN-035","ADR-FIN-026","02_Functional_Specification/Capabilities/CAP-FIN-017-Integration-Hub.md","04_Data_Model/DATA_OBJECT_TEMPLATE.md","05_API_Specification/API_CONTRACT_TEMPLATE.md","03_UI_UX/UI_SCREEN_SPEC_TEMPLATE.md","06_Workflows/WORKFLOW_SPEC_TEMPLATE.md","07_Business_Rules/BUSINESS_RULE_INDEX_V1_TO_V4.md","SEC-FIN-017","","11_Test_Cases/TEST-FIN-080","15_Release_Notes/RELEASE_ITEMS.csv:REL-FIN-013","Approved","Product:Wave2-Product-Lead;Engineering:Wave2-Tech-Lead;QA:Wave2-QA-Lead;Compliance:Wave2-Compliance-Lead;Date:2026-07-24"
"TRACE-FIN-014","BR-FIN-029","BusinessRule","CAP-FIN-017","Integrations Platform Lead","P1","RISK-FIN-035","ADR-FIN-026","02_Functional_Specification/Capabilities/CAP-FIN-017-Integration-Hub.md","04_Data_Model/DATA_OBJECT_TEMPLATE.md","05_API_Specification/API_CONTRACT_TEMPLATE.md","03_UI_UX/UI_SCREEN_SPEC_TEMPLATE.md","06_Workflows/WORKFLOW_SPEC_TEMPLATE.md","07_Business_Rules/BUSINESS_RULE_INDEX_V1_TO_V4.md","","","11_Test_Cases/TEST-FIN-080","15_Release_Notes/RELEASE_ITEMS.csv:REL-FIN-014","Approved","Product:Wave2-Product-Lead;Engineering:Wave2-Tech-Lead;QA:Wave2-QA-Lead;Compliance:Wave2-Compliance-Lead;Date:2026-07-24"
"TRACE-FIN-015","BR-FIN-030","BusinessRule","CAP-FIN-018","Eventing Platform Lead","P1","RISK-FIN-037","ADR-FIN-027","02_Functional_Specification/Capabilities/CAP-FIN-018-Event-Bus.md","04_Data_Model/DATA_OBJECT_TEMPLATE.md","05_API_Specification/API_CONTRACT_TEMPLATE.md","03_UI_UX/UI_SCREEN_SPEC_TEMPLATE.md","06_Workflows/WORKFLOW_SPEC_TEMPLATE.md","07_Business_Rules/BUSINESS_RULE_INDEX_V1_TO_V4.md","","","11_Test_Cases/TEST-FIN-090","15_Release_Notes/RELEASE_ITEMS.csv:REL-FIN-015","Approved","Product:Wave2-Product-Lead;Engineering:Wave2-Tech-Lead;QA:Wave2-QA-Lead;Compliance:Wave2-Compliance-Lead;Date:2026-07-24"
"TRACE-FIN-016","BR-FIN-031","BusinessRule","CAP-FIN-018","Eventing Platform Lead","P1","RISK-FIN-037","ADR-FIN-027","02_Functional_Specification/Capabilities/CAP-FIN-018-Event-Bus.md","04_Data_Model/DATA_OBJECT_TEMPLATE.md","05_API_Specification/API_CONTRACT_TEMPLATE.md","03_UI_UX/UI_SCREEN_SPEC_TEMPLATE.md","06_Workflows/WORKFLOW_SPEC_TEMPLATE.md","07_Business_Rules/BUSINESS_RULE_INDEX_V1_TO_V4.md","SEC-FIN-019","","11_Test_Cases/TEST-FIN-091","15_Release_Notes/RELEASE_ITEMS.csv:REL-FIN-016","Approved","Product:Wave2-Product-Lead;Engineering:Wave2-Tech-Lead;QA:Wave2-QA-Lead;Compliance:Wave2-Compliance-Lead;Date:2026-07-24"
"TRACE-FIN-017","BR-FIN-033","BusinessRule","CAP-FIN-016","Platform Automation Lead","P1","RISK-FIN-033","ADR-FIN-025","02_Functional_Specification/Capabilities/CAP-FIN-016-Automation-Scheduler.md","04_Data_Model/DATA_OBJECT_TEMPLATE.md","05_API_Specification/API_CONTRACT_TEMPLATE.md","03_UI_UX/UI_SCREEN_SPEC_TEMPLATE.md","06_Workflows/WORKFLOW_SPEC_TEMPLATE.md","07_Business_Rules/BUSINESS_RULE_INDEX_V1_TO_V4.md","","PERF-FIN-021","11_Test_Cases/TEST-FIN-100","15_Release_Notes/RELEASE_ITEMS.csv:REL-FIN-017","Approved","Product:Wave2-Product-Lead;Engineering:Wave2-Tech-Lead;QA:Wave2-QA-Lead;Compliance:Wave2-Compliance-Lead;Date:2026-07-24"
"TRACE-FIN-018","BR-FIN-034","BusinessRule","CAP-FIN-016","Platform Automation Lead","P1","RISK-FIN-033","ADR-FIN-025","02_Functional_Specification/Capabilities/CAP-FIN-016-Automation-Scheduler.md","04_Data_Model/DATA_OBJECT_TEMPLATE.md","05_API_Specification/API_CONTRACT_TEMPLATE.md","03_UI_UX/UI_SCREEN_SPEC_TEMPLATE.md","06_Workflows/WORKFLOW_SPEC_TEMPLATE.md","07_Business_Rules/BUSINESS_RULE_INDEX_V1_TO_V4.md","SEC-FIN-020","","11_Test_Cases/TEST-FIN-101","15_Release_Notes/RELEASE_ITEMS.csv:REL-FIN-018","Approved","Product:Wave2-Product-Lead;Engineering:Wave2-Tech-Lead;QA:Wave2-QA-Lead;Compliance:Wave2-Compliance-Lead;Date:2026-07-24"
"TRACE-FIN-019","BR-FIN-036","BusinessRule","CAP-FIN-005","Payments Integrations Product Lead","P1","RISK-FIN-021","ADR-FIN-023","02_Functional_Specification/Capabilities/CAP-FIN-005-Payment-Channel-Services.md","04_Data_Model/DATA_OBJECT_TEMPLATE.md","05_API_Specification/API_CONTRACT_TEMPLATE.md","03_UI_UX/UI_SCREEN_SPEC_TEMPLATE.md","06_Workflows/WORKFLOW_SPEC_TEMPLATE.md","07_Business_Rules/BUSINESS_RULE_INDEX_V1_TO_V4.md","SEC-FIN-022","","11_Test_Cases/TEST-FIN-110","15_Release_Notes/RELEASE_ITEMS.csv:REL-FIN-019","Approved","Product:Wave2-Product-Lead;Engineering:Wave2-Tech-Lead;QA:Wave2-QA-Lead;Compliance:Wave2-Compliance-Lead;Date:2026-07-24"
"TRACE-FIN-020","BR-FIN-038","BusinessRule","CAP-FIN-006","AR Platform Lead","P1","RISK-FIN-022","ADR-FIN-024","02_Functional_Specification/Capabilities/CAP-FIN-006-Allocation-Engine.md","04_Data_Model/DATA_OBJECT_TEMPLATE.md","05_API_Specification/API_CONTRACT_TEMPLATE.md","03_UI_UX/UI_SCREEN_SPEC_TEMPLATE.md","06_Workflows/WORKFLOW_SPEC_TEMPLATE.md","07_Business_Rules/BUSINESS_RULE_INDEX_V1_TO_V4.md","","PERF-FIN-024","11_Test_Cases/TEST-FIN-120","15_Release_Notes/RELEASE_ITEMS.csv:REL-FIN-020","Approved","Product:Wave2-Product-Lead;Engineering:Wave2-Tech-Lead;QA:Wave2-QA-Lead;Compliance:Wave2-Compliance-Lead;Date:2026-07-24"
"TRACE-FIN-021","BR-FIN-041","BusinessRule","CAP-FIN-008","Reporting Product Lead","P1","RISK-FIN-023","ADR-FIN-026","02_Functional_Specification/Capabilities/CAP-FIN-008-Reporting.md","04_Data_Model/DATA_OBJECT_TEMPLATE.md","05_API_Specification/API_CONTRACT_TEMPLATE.md","03_UI_UX/UI_SCREEN_SPEC_TEMPLATE.md","06_Workflows/WORKFLOW_SPEC_TEMPLATE.md","07_Business_Rules/BUSINESS_RULE_INDEX_V1_TO_V4.md","SEC-FIN-024","","11_Test_Cases/TEST-FIN-130","15_Release_Notes/RELEASE_ITEMS.csv:REL-FIN-021","Approved","Product:Wave2-Product-Lead;Engineering:Wave2-Tech-Lead;QA:Wave2-QA-Lead;Compliance:Wave2-Compliance-Lead;Date:2026-07-24"
"TRACE-FIN-022","BR-FIN-044","BusinessRule","CAP-FIN-009","Communications Platform Lead","P1","RISK-FIN-024","ADR-FIN-028","02_Functional_Specification/Capabilities/CAP-FIN-009-Notifications.md","04_Data_Model/DATA_OBJECT_TEMPLATE.md","05_API_Specification/API_CONTRACT_TEMPLATE.md","03_UI_UX/UI_SCREEN_SPEC_TEMPLATE.md","06_Workflows/WORKFLOW_SPEC_TEMPLATE.md","07_Business_Rules/BUSINESS_RULE_INDEX_V1_TO_V4.md","SEC-FIN-025","","11_Test_Cases/TEST-FIN-140","15_Release_Notes/RELEASE_ITEMS.csv:REL-FIN-022","Approved","Product:Wave2-Product-Lead;Engineering:Wave2-Tech-Lead;QA:Wave2-QA-Lead;Compliance:Wave2-Compliance-Lead;Date:2026-07-24"
"TRACE-FIN-023","BR-FIN-045","BusinessRule","CAP-FIN-013","API Platform Lead","P2","RISK-FIN-025","ADR-FIN-028","02_Functional_Specification/Capabilities/CAP-FIN-013-API-Platform.md","04_Data_Model/DATA_OBJECT_TEMPLATE.md","05_API_Specification/API_CONTRACT_TEMPLATE.md","03_UI_UX/UI_SCREEN_SPEC_TEMPLATE.md","06_Workflows/WORKFLOW_SPEC_TEMPLATE.md","07_Business_Rules/BUSINESS_RULE_INDEX_V1_TO_V4.md","","","11_Test_Cases/TEST-FIN-150","15_Release_Notes/RELEASE_ITEMS.csv:REL-FIN-023","Approved","Product:Wave3-Product-Lead;Engineering:Wave3-Tech-Lead;QA:Wave3-QA-Lead;Compliance:Wave3-Compliance-Lead;Date:2026-07-24"
"TRACE-FIN-024","BR-FIN-047","BusinessRule","CAP-FIN-014","Parent Experience Product Lead","P2","RISK-FIN-027","ADR-FIN-029","02_Functional_Specification/Capabilities/CAP-FIN-014-Parent-Self-Service.md","04_Data_Model/DATA_OBJECT_TEMPLATE.md","05_API_Specification/API_CONTRACT_TEMPLATE.md","03_UI_UX/UI_SCREEN_SPEC_TEMPLATE.md","06_Workflows/WORKFLOW_SPEC_TEMPLATE.md","07_Business_Rules/BUSINESS_RULE_INDEX_V1_TO_V4.md","SEC-FIN-027","","11_Test_Cases/TEST-FIN-160","15_Release_Notes/RELEASE_ITEMS.csv:REL-FIN-024","Approved","Product:Wave3-Product-Lead;Engineering:Wave3-Tech-Lead;QA:Wave3-QA-Lead;Compliance:Wave3-Compliance-Lead;Date:2026-07-24"
"TRACE-FIN-025","BR-FIN-050","BusinessRule","CAP-FIN-015","Finance Analytics Lead","P2","RISK-FIN-029","ADR-FIN-030","02_Functional_Specification/Capabilities/CAP-FIN-015-Analytics.md","04_Data_Model/DATA_OBJECT_TEMPLATE.md","05_API_Specification/API_CONTRACT_TEMPLATE.md","03_UI_UX/UI_SCREEN_SPEC_TEMPLATE.md","06_Workflows/WORKFLOW_SPEC_TEMPLATE.md","07_Business_Rules/BUSINESS_RULE_INDEX_V1_TO_V4.md","","PERF-FIN-029","11_Test_Cases/TEST-FIN-170","15_Release_Notes/RELEASE_ITEMS.csv:REL-FIN-025","Approved","Product:Wave3-Product-Lead;Engineering:Wave3-Tech-Lead;QA:Wave3-QA-Lead;Compliance:Wave3-Compliance-Lead;Date:2026-07-24"
"TRACE-FIN-026","AC-FIN-070","AcceptanceCriteria","CAP-FIN-010","Finance Orchestration Product Lead","P1","RISK-FIN-019","ADR-FIN-024","02_Functional_Specification/Capabilities/CAP-FIN-010-Workflow-Engine.md","04_Data_Model/DATA_OBJECT_TEMPLATE.md","05_API_Specification/API_CONTRACT_TEMPLATE.md","03_UI_UX/UI_SCREEN_SPEC_TEMPLATE.md","06_Workflows/WORKFLOW_SPEC_TEMPLATE.md","07_Business_Rules/BUSINESS_RULE_INDEX_V1_TO_V4.md","SEC-FIN-014","","11_Test_Cases/TEST-FIN-070","15_Release_Notes/RELEASE_ITEMS.csv:REL-FIN-026","Approved","Product:Wave2-Product-Lead;Engineering:Wave2-Tech-Lead;QA:Wave2-QA-Lead;Compliance:Wave2-Compliance-Lead;Date:2026-07-24"
"TRACE-FIN-027","AC-FIN-071","AcceptanceCriteria","CAP-FIN-010","Finance Orchestration Product Lead","P1","RISK-FIN-019","ADR-FIN-024","02_Functional_Specification/Capabilities/CAP-FIN-010-Workflow-Engine.md","04_Data_Model/DATA_OBJECT_TEMPLATE.md","05_API_Specification/API_CONTRACT_TEMPLATE.md","03_UI_UX/UI_SCREEN_SPEC_TEMPLATE.md","06_Workflows/WORKFLOW_SPEC_TEMPLATE.md","07_Business_Rules/BUSINESS_RULE_INDEX_V1_TO_V4.md","","","11_Test_Cases/TEST-FIN-071","15_Release_Notes/RELEASE_ITEMS.csv:REL-FIN-027","Approved","Product:Wave2-Product-Lead;Engineering:Wave2-Tech-Lead;QA:Wave2-QA-Lead;Compliance:Wave2-Compliance-Lead;Date:2026-07-24"
"TRACE-FIN-028","AC-FIN-080","AcceptanceCriteria","CAP-FIN-017","Integrations Platform Lead","P1","RISK-FIN-035","ADR-FIN-026","02_Functional_Specification/Capabilities/CAP-FIN-017-Integration-Hub.md","04_Data_Model/DATA_OBJECT_TEMPLATE.md","05_API_Specification/API_CONTRACT_TEMPLATE.md","03_UI_UX/UI_SCREEN_SPEC_TEMPLATE.md","06_Workflows/WORKFLOW_SPEC_TEMPLATE.md","07_Business_Rules/BUSINESS_RULE_INDEX_V1_TO_V4.md","SEC-FIN-017","","11_Test_Cases/TEST-FIN-080","15_Release_Notes/RELEASE_ITEMS.csv:REL-FIN-028","Approved","Product:Wave2-Product-Lead;Engineering:Wave2-Tech-Lead;QA:Wave2-QA-Lead;Compliance:Wave2-Compliance-Lead;Date:2026-07-24"
"TRACE-FIN-029","AC-FIN-081","AcceptanceCriteria","CAP-FIN-017","Integrations Platform Lead","P1","RISK-FIN-035","ADR-FIN-026","02_Functional_Specification/Capabilities/CAP-FIN-017-Integration-Hub.md","04_Data_Model/DATA_OBJECT_TEMPLATE.md","05_API_Specification/API_CONTRACT_TEMPLATE.md","03_UI_UX/UI_SCREEN_SPEC_TEMPLATE.md","06_Workflows/WORKFLOW_SPEC_TEMPLATE.md","07_Business_Rules/BUSINESS_RULE_INDEX_V1_TO_V4.md","","","11_Test_Cases/TEST-FIN-081","15_Release_Notes/RELEASE_ITEMS.csv:REL-FIN-029","Approved","Product:Wave2-Product-Lead;Engineering:Wave2-Tech-Lead;QA:Wave2-QA-Lead;Compliance:Wave2-Compliance-Lead;Date:2026-07-24"
"TRACE-FIN-030","AC-FIN-090","AcceptanceCriteria","CAP-FIN-018","Eventing Platform Lead","P1","RISK-FIN-037","ADR-FIN-027","02_Functional_Specification/Capabilities/CAP-FIN-018-Event-Bus.md","04_Data_Model/DATA_OBJECT_TEMPLATE.md","05_API_Specification/API_CONTRACT_TEMPLATE.md","03_UI_UX/UI_SCREEN_SPEC_TEMPLATE.md","06_Workflows/WORKFLOW_SPEC_TEMPLATE.md","07_Business_Rules/BUSINESS_RULE_INDEX_V1_TO_V4.md","","","11_Test_Cases/TEST-FIN-090","15_Release_Notes/RELEASE_ITEMS.csv:REL-FIN-030","Approved","Product:Wave2-Product-Lead;Engineering:Wave2-Tech-Lead;QA:Wave2-QA-Lead;Compliance:Wave2-Compliance-Lead;Date:2026-07-24"
"TRACE-FIN-031","AC-FIN-091","AcceptanceCriteria","CAP-FIN-018","Eventing Platform Lead","P1","RISK-FIN-037","ADR-FIN-027","02_Functional_Specification/Capabilities/CAP-FIN-018-Event-Bus.md","04_Data_Model/DATA_OBJECT_TEMPLATE.md","05_API_Specification/API_CONTRACT_TEMPLATE.md","03_UI_UX/UI_SCREEN_SPEC_TEMPLATE.md","06_Workflows/WORKFLOW_SPEC_TEMPLATE.md","07_Business_Rules/BUSINESS_RULE_INDEX_V1_TO_V4.md","SEC-FIN-019","","11_Test_Cases/TEST-FIN-091","15_Release_Notes/RELEASE_ITEMS.csv:REL-FIN-031","Approved","Product:Wave2-Product-Lead;Engineering:Wave2-Tech-Lead;QA:Wave2-QA-Lead;Compliance:Wave2-Compliance-Lead;Date:2026-07-24"
"TRACE-FIN-032","AC-FIN-100","AcceptanceCriteria","CAP-FIN-016","Platform Automation Lead","P1","RISK-FIN-033","ADR-FIN-025","02_Functional_Specification/Capabilities/CAP-FIN-016-Automation-Scheduler.md","04_Data_Model/DATA_OBJECT_TEMPLATE.md","05_API_Specification/API_CONTRACT_TEMPLATE.md","03_UI_UX/UI_SCREEN_SPEC_TEMPLATE.md","06_Workflows/WORKFLOW_SPEC_TEMPLATE.md","07_Business_Rules/BUSINESS_RULE_INDEX_V1_TO_V4.md","","PERF-FIN-021","11_Test_Cases/TEST-FIN-100","15_Release_Notes/RELEASE_ITEMS.csv:REL-FIN-032","Approved","Product:Wave2-Product-Lead;Engineering:Wave2-Tech-Lead;QA:Wave2-QA-Lead;Compliance:Wave2-Compliance-Lead;Date:2026-07-24"
"TRACE-FIN-033","AC-FIN-101","AcceptanceCriteria","CAP-FIN-016","Platform Automation Lead","P1","RISK-FIN-033","ADR-FIN-025","02_Functional_Specification/Capabilities/CAP-FIN-016-Automation-Scheduler.md","04_Data_Model/DATA_OBJECT_TEMPLATE.md","05_API_Specification/API_CONTRACT_TEMPLATE.md","03_UI_UX/UI_SCREEN_SPEC_TEMPLATE.md","06_Workflows/WORKFLOW_SPEC_TEMPLATE.md","07_Business_Rules/BUSINESS_RULE_INDEX_V1_TO_V4.md","SEC-FIN-020","","11_Test_Cases/TEST-FIN-101","15_Release_Notes/RELEASE_ITEMS.csv:REL-FIN-033","Approved","Product:Wave2-Product-Lead;Engineering:Wave2-Tech-Lead;QA:Wave2-QA-Lead;Compliance:Wave2-Compliance-Lead;Date:2026-07-24"
"TRACE-FIN-034","AC-FIN-110","AcceptanceCriteria","CAP-FIN-005","Payments Integrations Product Lead","P1","RISK-FIN-021","ADR-FIN-023","02_Functional_Specification/Capabilities/CAP-FIN-005-Payment-Channel-Services.md","04_Data_Model/DATA_OBJECT_TEMPLATE.md","05_API_Specification/API_CONTRACT_TEMPLATE.md","03_UI_UX/UI_SCREEN_SPEC_TEMPLATE.md","06_Workflows/WORKFLOW_SPEC_TEMPLATE.md","07_Business_Rules/BUSINESS_RULE_INDEX_V1_TO_V4.md","SEC-FIN-022","","11_Test_Cases/TEST-FIN-110","15_Release_Notes/RELEASE_ITEMS.csv:REL-FIN-034","Approved","Product:Wave2-Product-Lead;Engineering:Wave2-Tech-Lead;QA:Wave2-QA-Lead;Compliance:Wave2-Compliance-Lead;Date:2026-07-24"
"TRACE-FIN-035","AC-FIN-111","AcceptanceCriteria","CAP-FIN-005","Payments Integrations Product Lead","P1","RISK-FIN-021","ADR-FIN-023","02_Functional_Specification/Capabilities/CAP-FIN-005-Payment-Channel-Services.md","04_Data_Model/DATA_OBJECT_TEMPLATE.md","05_API_Specification/API_CONTRACT_TEMPLATE.md","03_UI_UX/UI_SCREEN_SPEC_TEMPLATE.md","06_Workflows/WORKFLOW_SPEC_TEMPLATE.md","07_Business_Rules/BUSINESS_RULE_INDEX_V1_TO_V4.md","","","11_Test_Cases/TEST-FIN-111","15_Release_Notes/RELEASE_ITEMS.csv:REL-FIN-035","Approved","Product:Wave2-Product-Lead;Engineering:Wave2-Tech-Lead;QA:Wave2-QA-Lead;Compliance:Wave2-Compliance-Lead;Date:2026-07-24"
"TRACE-FIN-036","AC-FIN-120","AcceptanceCriteria","CAP-FIN-006","AR Platform Lead","P1","RISK-FIN-022","ADR-FIN-024","02_Functional_Specification/Capabilities/CAP-FIN-006-Allocation-Engine.md","04_Data_Model/DATA_OBJECT_TEMPLATE.md","05_API_Specification/API_CONTRACT_TEMPLATE.md","03_UI_UX/UI_SCREEN_SPEC_TEMPLATE.md","06_Workflows/WORKFLOW_SPEC_TEMPLATE.md","07_Business_Rules/BUSINESS_RULE_INDEX_V1_TO_V4.md","","PERF-FIN-024","11_Test_Cases/TEST-FIN-120","15_Release_Notes/RELEASE_ITEMS.csv:REL-FIN-036","Approved","Product:Wave2-Product-Lead;Engineering:Wave2-Tech-Lead;QA:Wave2-QA-Lead;Compliance:Wave2-Compliance-Lead;Date:2026-07-24"
"TRACE-FIN-037","AC-FIN-121","AcceptanceCriteria","CAP-FIN-006","AR Platform Lead","P1","RISK-FIN-022","ADR-FIN-024","02_Functional_Specification/Capabilities/CAP-FIN-006-Allocation-Engine.md","04_Data_Model/DATA_OBJECT_TEMPLATE.md","05_API_Specification/API_CONTRACT_TEMPLATE.md","03_UI_UX/UI_SCREEN_SPEC_TEMPLATE.md","06_Workflows/WORKFLOW_SPEC_TEMPLATE.md","07_Business_Rules/BUSINESS_RULE_INDEX_V1_TO_V4.md","SEC-FIN-023","","11_Test_Cases/TEST-FIN-121","15_Release_Notes/RELEASE_ITEMS.csv:REL-FIN-037","Approved","Product:Wave2-Product-Lead;Engineering:Wave2-Tech-Lead;QA:Wave2-QA-Lead;Compliance:Wave2-Compliance-Lead;Date:2026-07-24"
"TRACE-FIN-038","AC-FIN-130","AcceptanceCriteria","CAP-FIN-008","Reporting Product Lead","P1","RISK-FIN-023","ADR-FIN-026","02_Functional_Specification/Capabilities/CAP-FIN-008-Reporting.md","04_Data_Model/DATA_OBJECT_TEMPLATE.md","05_API_Specification/API_CONTRACT_TEMPLATE.md","03_UI_UX/UI_SCREEN_SPEC_TEMPLATE.md","06_Workflows/WORKFLOW_SPEC_TEMPLATE.md","07_Business_Rules/BUSINESS_RULE_INDEX_V1_TO_V4.md","SEC-FIN-024","","11_Test_Cases/TEST-FIN-130","15_Release_Notes/RELEASE_ITEMS.csv:REL-FIN-038","Approved","Product:Wave2-Product-Lead;Engineering:Wave2-Tech-Lead;QA:Wave2-QA-Lead;Compliance:Wave2-Compliance-Lead;Date:2026-07-24"
"TRACE-FIN-039","AC-FIN-131","AcceptanceCriteria","CAP-FIN-008","Reporting Product Lead","P1","RISK-FIN-023","ADR-FIN-026","02_Functional_Specification/Capabilities/CAP-FIN-008-Reporting.md","04_Data_Model/DATA_OBJECT_TEMPLATE.md","05_API_Specification/API_CONTRACT_TEMPLATE.md","03_UI_UX/UI_SCREEN_SPEC_TEMPLATE.md","06_Workflows/WORKFLOW_SPEC_TEMPLATE.md","07_Business_Rules/BUSINESS_RULE_INDEX_V1_TO_V4.md","","","11_Test_Cases/TEST-FIN-131","15_Release_Notes/RELEASE_ITEMS.csv:REL-FIN-039","Approved","Product:Wave2-Product-Lead;Engineering:Wave2-Tech-Lead;QA:Wave2-QA-Lead;Compliance:Wave2-Compliance-Lead;Date:2026-07-24"
"TRACE-FIN-040","AC-FIN-140","AcceptanceCriteria","CAP-FIN-009","Communications Platform Lead","P1","RISK-FIN-024","ADR-FIN-028","02_Functional_Specification/Capabilities/CAP-FIN-009-Notifications.md","04_Data_Model/DATA_OBJECT_TEMPLATE.md","05_API_Specification/API_CONTRACT_TEMPLATE.md","03_UI_UX/UI_SCREEN_SPEC_TEMPLATE.md","06_Workflows/WORKFLOW_SPEC_TEMPLATE.md","07_Business_Rules/BUSINESS_RULE_INDEX_V1_TO_V4.md","SEC-FIN-025","","11_Test_Cases/TEST-FIN-140","15_Release_Notes/RELEASE_ITEMS.csv:REL-FIN-040","Approved","Product:Wave2-Product-Lead;Engineering:Wave2-Tech-Lead;QA:Wave2-QA-Lead;Compliance:Wave2-Compliance-Lead;Date:2026-07-24"
"TRACE-FIN-041","AC-FIN-141","AcceptanceCriteria","CAP-FIN-009","Communications Platform Lead","P1","RISK-FIN-024","ADR-FIN-028","02_Functional_Specification/Capabilities/CAP-FIN-009-Notifications.md","04_Data_Model/DATA_OBJECT_TEMPLATE.md","05_API_Specification/API_CONTRACT_TEMPLATE.md","03_UI_UX/UI_SCREEN_SPEC_TEMPLATE.md","06_Workflows/WORKFLOW_SPEC_TEMPLATE.md","07_Business_Rules/BUSINESS_RULE_INDEX_V1_TO_V4.md","","","11_Test_Cases/TEST-FIN-141","15_Release_Notes/RELEASE_ITEMS.csv:REL-FIN-041","Approved","Product:Wave2-Product-Lead;Engineering:Wave2-Tech-Lead;QA:Wave2-QA-Lead;Compliance:Wave2-Compliance-Lead;Date:2026-07-24"
"TRACE-FIN-042","AC-FIN-150","AcceptanceCriteria","CAP-FIN-013","API Platform Lead","P2","RISK-FIN-025","ADR-FIN-028","02_Functional_Specification/Capabilities/CAP-FIN-013-API-Platform.md","04_Data_Model/DATA_OBJECT_TEMPLATE.md","05_API_Specification/API_CONTRACT_TEMPLATE.md","03_UI_UX/UI_SCREEN_SPEC_TEMPLATE.md","06_Workflows/WORKFLOW_SPEC_TEMPLATE.md","07_Business_Rules/BUSINESS_RULE_INDEX_V1_TO_V4.md","SEC-FIN-026","","11_Test_Cases/TEST-FIN-150","15_Release_Notes/RELEASE_ITEMS.csv:REL-FIN-042","Approved","Product:Wave3-Product-Lead;Engineering:Wave3-Tech-Lead;QA:Wave3-QA-Lead;Compliance:Wave3-Compliance-Lead;Date:2026-07-24"
"TRACE-FIN-043","AC-FIN-151","AcceptanceCriteria","CAP-FIN-013","API Platform Lead","P2","RISK-FIN-025","ADR-FIN-028","02_Functional_Specification/Capabilities/CAP-FIN-013-API-Platform.md","04_Data_Model/DATA_OBJECT_TEMPLATE.md","05_API_Specification/API_CONTRACT_TEMPLATE.md","03_UI_UX/UI_SCREEN_SPEC_TEMPLATE.md","06_Workflows/WORKFLOW_SPEC_TEMPLATE.md","07_Business_Rules/BUSINESS_RULE_INDEX_V1_TO_V4.md","","","11_Test_Cases/TEST-FIN-151","15_Release_Notes/RELEASE_ITEMS.csv:REL-FIN-043","Approved","Product:Wave3-Product-Lead;Engineering:Wave3-Tech-Lead;QA:Wave3-QA-Lead;Compliance:Wave3-Compliance-Lead;Date:2026-07-24"
"TRACE-FIN-044","AC-FIN-160","AcceptanceCriteria","CAP-FIN-014","Parent Experience Product Lead","P2","RISK-FIN-027","ADR-FIN-029","02_Functional_Specification/Capabilities/CAP-FIN-014-Parent-Self-Service.md","04_Data_Model/DATA_OBJECT_TEMPLATE.md","05_API_Specification/API_CONTRACT_TEMPLATE.md","03_UI_UX/UI_SCREEN_SPEC_TEMPLATE.md","06_Workflows/WORKFLOW_SPEC_TEMPLATE.md","07_Business_Rules/BUSINESS_RULE_INDEX_V1_TO_V4.md","SEC-FIN-027","","11_Test_Cases/TEST-FIN-160","15_Release_Notes/RELEASE_ITEMS.csv:REL-FIN-044","Approved","Product:Wave3-Product-Lead;Engineering:Wave3-Tech-Lead;QA:Wave3-QA-Lead;Compliance:Wave3-Compliance-Lead;Date:2026-07-24"
"TRACE-FIN-045","AC-FIN-161","AcceptanceCriteria","CAP-FIN-014","Parent Experience Product Lead","P2","RISK-FIN-027","ADR-FIN-029","02_Functional_Specification/Capabilities/CAP-FIN-014-Parent-Self-Service.md","04_Data_Model/DATA_OBJECT_TEMPLATE.md","05_API_Specification/API_CONTRACT_TEMPLATE.md","03_UI_UX/UI_SCREEN_SPEC_TEMPLATE.md","06_Workflows/WORKFLOW_SPEC_TEMPLATE.md","07_Business_Rules/BUSINESS_RULE_INDEX_V1_TO_V4.md","","","11_Test_Cases/TEST-FIN-161","15_Release_Notes/RELEASE_ITEMS.csv:REL-FIN-045","Approved","Product:Wave3-Product-Lead;Engineering:Wave3-Tech-Lead;QA:Wave3-QA-Lead;Compliance:Wave3-Compliance-Lead;Date:2026-07-24"
"TRACE-FIN-046","AC-FIN-170","AcceptanceCriteria","CAP-FIN-015","Finance Analytics Lead","P2","RISK-FIN-029","ADR-FIN-030","02_Functional_Specification/Capabilities/CAP-FIN-015-Analytics.md","04_Data_Model/DATA_OBJECT_TEMPLATE.md","05_API_Specification/API_CONTRACT_TEMPLATE.md","03_UI_UX/UI_SCREEN_SPEC_TEMPLATE.md","06_Workflows/WORKFLOW_SPEC_TEMPLATE.md","07_Business_Rules/BUSINESS_RULE_INDEX_V1_TO_V4.md","","PERF-FIN-029","11_Test_Cases/TEST-FIN-170","15_Release_Notes/RELEASE_ITEMS.csv:REL-FIN-046","Approved","Product:Wave3-Product-Lead;Engineering:Wave3-Tech-Lead;QA:Wave3-QA-Lead;Compliance:Wave3-Compliance-Lead;Date:2026-07-24"
"TRACE-FIN-047","AC-FIN-171","AcceptanceCriteria","CAP-FIN-015","Finance Analytics Lead","P2","RISK-FIN-029","ADR-FIN-030","02_Functional_Specification/Capabilities/CAP-FIN-015-Analytics.md","04_Data_Model/DATA_OBJECT_TEMPLATE.md","05_API_Specification/API_CONTRACT_TEMPLATE.md","03_UI_UX/UI_SCREEN_SPEC_TEMPLATE.md","06_Workflows/WORKFLOW_SPEC_TEMPLATE.md","07_Business_Rules/BUSINESS_RULE_INDEX_V1_TO_V4.md","","","11_Test_Cases/TEST-FIN-171","15_Release_Notes/RELEASE_ITEMS.csv:REL-FIN-047","Approved","Product:Wave3-Product-Lead;Engineering:Wave3-Tech-Lead;QA:Wave3-QA-Lead;Compliance:Wave3-Compliance-Lead;Date:2026-07-24"
